comparison,label,code,group_a,group_b,n_a,n_b,cos_mean,cos_std,euc_mean,euc_std,icc,therapist,n
between_therapists,patient_imp,BCS,T1,T2,25.0,2.0,0.6393,0.0961,0.833,0.1156,0.4652,,
between_therapists,patient_imp,BCS,T1,T4,25.0,4.0,0.5518,0.0984,0.9285,0.1171,-0.2418,,
between_therapists,patient_imp,BCS,T2,T4,2.0,4.0,0.543,0.0727,0.953,0.0765,0.1209,,
between_therapists,patient_imp,ECE,T1,T2,4.0,1.0,0.6365,0.0412,0.8514,0.0477,,,
between_therapists,patient_imp,ERT,T1,T2,2.0,1.0,0.6494,0.1042,0.8279,0.1259,,,
between_therapists,patient_imp,ERT,T1,T5,2.0,2.0,0.5302,0.0338,0.9687,0.0347,-0.669,,
between_therapists,patient_imp,ERT,T2,T5,1.0,2.0,0.5768,0.028,0.9195,0.0305,,,
between_therapists,patient_imp,FSU,T1,T2,13.0,6.0,0.6238,0.0822,0.8575,0.1004,0.5919,,
between_therapists,patient_imp,FSU,T1,T3,13.0,3.0,0.6334,0.096,0.8442,0.1138,-0.2849,,
between_therapists,patient_imp,FSU,T1,T5,13.0,4.0,0.492,0.0721,0.9991,0.0878,-0.4915,,
between_therapists,patient_imp,FSU,T2,T3,6.0,3.0,0.6338,0.0512,0.8536,0.0613,-0.5675,,
between_therapists,patient_imp,FSU,T2,T5,6.0,4.0,0.5022,0.049,0.9966,0.0495,-0.3444,,
between_therapists,patient_imp,FSU,T3,T5,3.0,4.0,0.4734,0.0323,1.0257,0.0314,-0.6047,,
between_therapists,patient_imp,FTA,T1,T5,8.0,3.0,0.4434,0.0706,1.0529,0.069,-0.5997,,
between_therapists,patient_imp,HPM,T1,T4,9.0,3.0,0.5367,0.0978,0.9484,0.111,-0.6886,,
between_therapists,patient_imp,HPM,T1,T5,9.0,1.0,0.5512,0.0826,0.9373,0.1038,,,
between_therapists,patient_imp,HPM,T4,T5,3.0,1.0,0.4483,0.0235,1.0502,0.0224,,,
between_therapists,patient_imp,IAI,T1,T4,26.0,1.0,0.4609,0.0598,1.03,0.0778,,,
between_therapists,patient_imp,IAI,T1,T5,26.0,6.0,0.5179,0.0699,0.9735,0.0856,-0.2941,,
between_therapists,patient_imp,IAI,T4,T5,1.0,6.0,0.4051,0.0287,1.0905,0.0264,,,
between_therapists,patient_imp,IDR,T1,T2,2.0,3.0,0.6641,0.0534,0.7895,0.0921,0.401,,
between_therapists,patient_imp,IDR,T1,T4,2.0,1.0,0.6412,0.0625,0.8142,0.1037,,,
between_therapists,patient_imp,IDR,T2,T4,3.0,1.0,0.6677,0.0064,0.8152,0.0079,,,
between_therapists,patient_imp,STK,T1,T2,18.0,9.0,0.4332,0.0759,1.0623,0.0722,-0.2043,,
between_therapists,patient_imp,STK,T1,T3,18.0,3.0,0.4804,0.0952,1.0147,0.0971,0.8524,,
between_therapists,patient_imp,STK,T1,T4,18.0,4.0,0.4687,0.0721,1.0284,0.0715,0.5031,,
between_therapists,patient_imp,STK,T1,T5,18.0,1.0,0.42,0.0705,1.075,0.0662,,,
between_therapists,patient_imp,STK,T2,T3,9.0,3.0,0.4485,0.0526,1.049,0.0506,-0.4928,,
between_therapists,patient_imp,STK,T2,T4,9.0,4.0,0.4118,0.0513,1.0836,0.0474,-0.5475,,
between_therapists,patient_imp,STK,T2,T5,9.0,1.0,0.3489,0.0392,1.1406,0.0347,,,
between_therapists,patient_imp,STK,T3,T4,3.0,4.0,0.5202,0.061,0.9776,0.0624,0.4977,,
between_therapists,patient_imp,STK,T3,T5,3.0,1.0,0.4425,0.0159,1.0558,0.0152,,,
between_therapists,patient_imp,STK,T4,T5,4.0,1.0,0.4356,0.0496,1.0614,0.0468,,,
between_therapists,patient_imp,VLD,T1,T2,27.0,2.0,0.5729,0.0726,0.9158,0.0861,-1.0082,,
between_therapists,patient_imp,VLD,T1,T3,27.0,2.0,0.5549,0.0712,0.9352,0.085,-1.026,,
between_therapists,patient_imp,VLD,T1,T4,27.0,3.0,0.56,0.0749,0.9292,0.0875,-0.1062,,
between_therapists,patient_imp,VLD,T2,T3,2.0,2.0,0.5271,0.0344,0.9719,0.0355,-0.9674,,
between_therapists,patient_imp,VLD,T2,T4,2.0,3.0,0.5862,0.0645,0.907,0.0705,-0.4242,,
between_therapists,patient_imp,VLD,T3,T4,2.0,3.0,0.5312,0.039,0.9674,0.0413,-1.0688,,
between_therapists,therapist_imp,BCS,T1,T2,50.0,21.0,0.59,0.086,0.8961,0.1033,-0.0476,,
between_therapists,therapist_imp,BCS,T1,T3,50.0,2.0,0.6541,0.0551,0.8279,0.0667,-0.6966,,
between_therapists,therapist_imp,BCS,T1,T4,50.0,6.0,0.6238,0.0756,0.8616,0.0887,-0.0275,,
between_therapists,therapist_imp,BCS,T1,T5,50.0,5.0,0.6629,0.0612,0.8166,0.0761,-0.2372,,
between_therapists,therapist_imp,BCS,T2,T3,21.0,2.0,0.5968,0.0757,0.8908,0.0886,-0.896,,
between_therapists,therapist_imp,BCS,T2,T4,21.0,6.0,0.5824,0.0884,0.9053,0.1021,0.061,,
between_therapists,therapist_imp,BCS,T2,T5,21.0,5.0,0.6001,0.0732,0.8878,0.086,-0.4202,,
between_therapists,therapist_imp,BCS,T3,T4,2.0,6.0,0.6107,0.0699,0.879,0.0777,0.0196,,
between_therapists,therapist_imp,BCS,T3,T5,2.0,5.0,0.6475,0.0296,0.8389,0.035,-0.9242,,
between_therapists,therapist_imp,BCS,T4,T5,6.0,5.0,0.6422,0.0542,0.8436,0.0631,-0.3992,,
between_therapists,therapist_imp,ECE,T1,T2,27.0,10.0,0.6447,0.0835,0.8314,0.1035,-0.0878,,
between_therapists,therapist_imp,ECE,T1,T5,27.0,1.0,0.6802,0.0661,0.7954,0.0829,,,
between_therapists,therapist_imp,ECE,T2,T5,10.0,1.0,0.6249,0.0805,0.8547,0.0987,,,
between_therapists,therapist_imp,ERT,T1,T2,11.0,12.0,0.6777,0.079,0.7968,0.0979,0.3561,,
between_therapists,therapist_imp,ERT,T1,T5,11.0,5.0,0.6543,0.0644,0.8277,0.0792,-0.6799,,
between_therapists,therapist_imp,ERT,T2,T5,12.0,5.0,0.6568,0.0626,0.8251,0.0741,-0.3071,,
between_therapists,therapist_imp,FSU,T1,T2,43.0,33.0,0.623,0.1005,0.8555,0.1216,-0.005,,
between_therapists,therapist_imp,FSU,T1,T3,43.0,4.0,0.6488,0.0923,0.8277,0.1128,-0.1702,,
between_therapists,therapist_imp,FSU,T1,T5,43.0,5.0,0.6651,0.0775,0.81,0.0961,-0.0209,,
between_therapists,therapist_imp,FSU,T2,T3,33.0,4.0,0.6193,0.1001,0.8626,0.1198,0.4685,,
between_therapists,therapist_imp,FSU,T2,T5,33.0,5.0,0.6211,0.0836,0.8633,0.0981,0.4692,,
between_therapists,therapist_imp,FSU,T3,T5,4.0,5.0,0.6623,0.0602,0.8187,0.072,0.0229,,
between_therapists,therapist_imp,FTA,T1,T2,24.0,6.0,0.6055,0.0859,0.8726,0.1107,-0.1979,,
between_therapists,therapist_imp,HPM,T1,T2,28.0,19.0,0.6512,0.0804,0.8234,0.1,-0.3239,,
between_therapists,therapist_imp,HPM,T1,T3,28.0,1.0,0.6255,0.0579,0.8628,0.0666,,,
between_therapists,therapist_imp,HPM,T1,T4,28.0,5.0,0.6088,0.0846,0.8794,0.0956,0.16,,
between_therapists,therapist_imp,HPM,T1,T5,28.0,5.0,0.6619,0.0749,0.8173,0.0903,-0.7197,,
between_therapists,therapist_imp,HPM,T2,T3,19.0,1.0,0.6388,0.0459,0.8417,0.0638,,,
between_therapists,therapist_imp,HPM,T2,T4,19.0,5.0,0.6235,0.0807,0.8565,0.0988,0.3942,,
between_therapists,therapist_imp,HPM,T2,T5,19.0,5.0,0.6692,0.065,0.8034,0.0834,-0.483,,
between_therapists,therapist_imp,HPM,T3,T4,1.0,5.0,0.6307,0.0904,0.8533,0.102,,,
between_therapists,therapist_imp,HPM,T3,T5,1.0,5.0,0.6221,0.0133,0.8692,0.0153,,,
between_therapists,therapist_imp,HPM,T4,T5,5.0,5.0,0.6316,0.0586,0.8558,0.0672,0.0914,,
between_therapists,therapist_imp,IAI,T1,T2,95.0,23.0,0.6555,0.0791,0.8182,0.1006,-0.1985,,
between_therapists,therapist_imp,IAI,T1,T3,95.0,1.0,0.6054,0.0631,0.8837,0.0733,,,
between_therapists,therapist_imp,IAI,T1,T4,95.0,6.0,0.6553,0.0703,0.8136,0.0947,-0.424,,
between_therapists,therapist_imp,IAI,T1,T5,95.0,13.0,0.66,0.0609,0.8201,0.0744,-0.1603,,
between_therapists,therapist_imp,IAI,T2,T3,23.0,1.0,0.5898,0.0719,0.895,0.0838,,,
between_therapists,therapist_imp,IAI,T2,T4,23.0,6.0,0.6554,0.079,0.8081,0.1139,-0.3272,,
between_therapists,therapist_imp,IAI,T2,T5,23.0,13.0,0.66,0.065,0.8159,0.0821,0.4808,,
between_therapists,therapist_imp,IAI,T3,T4,1.0,6.0,0.6747,0.068,0.7891,0.0779,,,
between_therapists,therapist_imp,IAI,T3,T5,1.0,13.0,0.5987,0.0325,0.8952,0.0353,,,
between_therapists,therapist_imp,IAI,T4,T5,6.0,13.0,0.6535,0.0545,0.8196,0.0739,-0.0519,,
between_therapists,therapist_imp,IDR,T1,T2,9.0,14.0,0.6593,0.078,0.8201,0.0944,0.1709,,
between_therapists,therapist_imp,STK,T1,T2,5.0,11.0,0.599,0.085,0.8903,0.0966,0.4463,,
between_therapists,therapist_imp,VLD,T1,T2,58.0,25.0,0.6207,0.0891,0.86,0.108,0.2422,,
between_therapists,therapist_imp,VLD,T1,T3,58.0,2.0,0.6916,0.0744,0.7778,0.0928,-0.8444,,
between_therapists,therapist_imp,VLD,T1,T4,58.0,14.0,0.6055,0.0781,0.8768,0.0974,-0.3827,,
between_therapists,therapist_imp,VLD,T1,T5,58.0,4.0,0.6603,0.0733,0.8174,0.0881,-0.8235,,
between_therapists,therapist_imp,VLD,T2,T3,25.0,2.0,0.6659,0.0928,0.8072,0.1149,-1.6993,,
between_therapists,therapist_imp,VLD,T2,T4,25.0,14.0,0.5855,0.0822,0.8982,0.1036,0.0352,,
between_therapists,therapist_imp,VLD,T2,T5,25.0,4.0,0.6295,0.0735,0.8543,0.0875,-0.4128,,
between_therapists,therapist_imp,VLD,T3,T4,2.0,14.0,0.6219,0.0722,0.8608,0.0858,-0.6059,,
between_therapists,therapist_imp,VLD,T3,T5,2.0,4.0,0.6951,0.0264,0.7802,0.0338,-3.8755,,
between_therapists,therapist_imp,VLD,T4,T5,14.0,4.0,0.6022,0.0654,0.8844,0.0801,-0.5148,,
within_therapist,patient_imp,,AC02V1T1_with_predictions.csv,AC02V2T1_with_predictions.csv,7.0,11.0,0.6733,0.0789,0.7905,0.1006,-0.3745,1,
within_therapist,patient_imp,,AC02V1T1_with_predictions.csv,AC03V1T1_with_predictions.csv,7.0,4.0,0.6292,0.1017,0.8389,0.1258,-0.1964,1,
within_therapist,patient_imp,,AC02V1T1_with_predictions.csv,AC03V2T1_with_predictions.csv,7.0,12.0,0.5941,0.0804,0.8913,0.0969,-0.3076,1,
within_therapist,patient_imp,,AC02V1T1_with_predictions.csv,AC04V1T1_with_predictions.csv,7.0,13.0,0.5566,0.0961,0.936,0.1042,-0.296,1,
within_therapist,patient_imp,,AC02V1T1_with_predictions.csv,AC04V2T1_with_predictions.csv,7.0,14.0,0.537,0.0776,0.9586,0.084,-0.376,1,
within_therapist,patient_imp,,AC02V1T1_with_predictions.csv,AC05V1T1_with_predictions.csv,7.0,5.0,0.5949,0.1059,0.8923,0.1188,-0.3089,1,
within_therapist,patient_imp,,AC02V1T1_with_predictions.csv,AC05V2T1_with_predictions.csv,7.0,4.0,0.6422,0.1253,0.8339,0.1422,-0.3348,1,
within_therapist,patient_imp,,AC02V1T1_with_predictions.csv,AC09V1T1_with_predictions.csv,7.0,4.0,0.4556,0.0646,1.0416,0.062,-0.4684,1,
within_therapist,patient_imp,,AC02V1T1_with_predictions.csv,AC09V2T1_with_predictions.csv,7.0,2.0,0.44,0.0368,1.0577,0.0348,-0.9088,1,
within_therapist,patient_imp,,AC02V1T1_with_predictions.csv,AC11V1T1_with_predictions.csv,7.0,1.0,0.6677,0.0333,0.8142,0.0404,,1,
within_therapist,patient_imp,,AC02V1T1_with_predictions.csv,AC11V2T1_with_predictions.csv,7.0,1.0,0.4836,0.0362,1.0156,0.0367,,1,
within_therapist,patient_imp,,AC02V1T1_with_predictions.csv,AC13V1T1_with_predictions.csv,7.0,12.0,0.5625,0.0755,0.9318,0.0815,-0.5237,1,
within_therapist,patient_imp,,AC02V1T1_with_predictions.csv,AC13V2T1_with_predictions.csv,7.0,8.0,0.6056,0.1003,0.8817,0.1067,-0.2991,1,
within_therapist,patient_imp,,AC02V1T1_with_predictions.csv,AC18V2T1_with_predictions.csv,7.0,1.0,0.6722,0.0353,0.8085,0.0428,,1,
within_therapist,patient_imp,,AC02V2T1_with_predictions.csv,AC03V1T1_with_predictions.csv,11.0,4.0,0.6547,0.1121,0.7911,0.1686,0.6869,1,
within_therapist,patient_imp,,AC02V2T1_with_predictions.csv,AC03V2T1_with_predictions.csv,11.0,12.0,0.6105,0.0902,0.8579,0.1286,0.0916,1,
within_therapist,patient_imp,,AC02V2T1_with_predictions.csv,AC04V1T1_with_predictions.csv,11.0,13.0,0.5727,0.1002,0.9047,0.1227,-0.2788,1,
within_therapist,patient_imp,,AC02V2T1_with_predictions.csv,AC04V2T1_with_predictions.csv,11.0,14.0,0.5596,0.0893,0.9203,0.1137,-0.2654,1,
within_therapist,patient_imp,,AC02V2T1_with_predictions.csv,AC05V1T1_with_predictions.csv,11.0,5.0,0.611,0.106,0.8613,0.1293,-0.2913,1,
within_therapist,patient_imp,,AC02V2T1_with_predictions.csv,AC05V2T1_with_predictions.csv,11.0,4.0,0.6365,0.1228,0.8309,0.1447,0.3268,1,
within_therapist,patient_imp,,AC02V2T1_with_predictions.csv,AC09V1T1_with_predictions.csv,11.0,4.0,0.4649,0.0937,1.0133,0.1105,-0.5457,1,
within_therapist,patient_imp,,AC02V2T1_with_predictions.csv,AC09V2T1_with_predictions.csv,11.0,2.0,0.4839,0.117,0.9961,0.147,-1.0103,1,
within_therapist,patient_imp,,AC02V2T1_with_predictions.csv,AC11V1T1_with_predictions.csv,11.0,1.0,0.6935,0.0579,0.7678,0.0776,,1,
within_therapist,patient_imp,,AC02V2T1_with_predictions.csv,AC11V2T1_with_predictions.csv,11.0,1.0,0.4878,0.0822,0.9943,0.109,,1,
within_therapist,patient_imp,,AC02V2T1_with_predictions.csv,AC13V1T1_with_predictions.csv,11.0,12.0,0.5861,0.0883,0.892,0.109,0.1938,1,
within_therapist,patient_imp,,AC02V2T1_with_predictions.csv,AC13V2T1_with_predictions.csv,11.0,8.0,0.618,0.0994,0.8547,0.1163,0.198,1,
within_therapist,patient_imp,,AC02V2T1_with_predictions.csv,AC18V2T1_with_predictions.csv,11.0,1.0,0.7035,0.0866,0.7533,0.1085,,1,
within_therapist,patient_imp,,AC03V1T1_with_predictions.csv,AC03V2T1_with_predictions.csv,4.0,12.0,0.6141,0.114,0.8466,0.1608,-0.2613,1,
within_therapist,patient_imp,,AC03V1T1_with_predictions.csv,AC04V1T1_with_predictions.csv,4.0,13.0,0.5757,0.1105,0.8972,0.1378,0.5455,1,
within_therapist,patient_imp,,AC03V1T1_with_predictions.csv,AC04V2T1_with_predictions.csv,4.0,14.0,0.5524,0.1065,0.9228,0.1366,-0.2717,1,
within_therapist,patient_imp,,AC03V1T1_with_predictions.csv,AC05V1T1_with_predictions.csv,4.0,5.0,0.5933,0.1206,0.8768,0.1477,0.5102,1,
within_therapist,patient_imp,,AC03V1T1_with_predictions.csv,AC05V2T1_with_predictions.csv,4.0,4.0,0.6193,0.1251,0.8472,0.1516,-0.7922,1,
within_therapist,patient_imp,,AC03V1T1_with_predictions.csv,AC09V1T1_with_predictions.csv,4.0,4.0,0.4838,0.1117,0.9877,0.1347,-0.4063,1,
within_therapist,patient_imp,,AC03V1T1_with_predictions.csv,AC09V2T1_with_predictions.csv,4.0,2.0,0.4799,0.119,0.9945,0.1531,-1.2556,1,
within_therapist,patient_imp,,AC03V1T1_with_predictions.csv,AC11V1T1_with_predictions.csv,4.0,1.0,0.6337,0.0946,0.8354,0.1188,,1,
within_therapist,patient_imp,,AC03V1T1_with_predictions.csv,AC11V2T1_with_predictions.csv,4.0,1.0,0.4421,0.114,1.0284,0.1425,,1,
within_therapist,patient_imp,,AC03V1T1_with_predictions.csv,AC13V1T1_with_predictions.csv,4.0,12.0,0.5623,0.1003,0.9123,0.1283,0.7684,1,
within_therapist,patient_imp,,AC03V1T1_with_predictions.csv,AC13V2T1_with_predictions.csv,4.0,8.0,0.5979,0.1128,0.873,0.1366,-0.03,1,
within_therapist,patient_imp,,AC03V1T1_with_predictions.csv,AC18V2T1_with_predictions.csv,4.0,1.0,0.6442,0.1329,0.8194,0.162,,1,
within_therapist,patient_imp,,AC03V2T1_with_predictions.csv,AC04V1T1_with_predictions.csv,12.0,13.0,0.5416,0.0939,0.9465,0.1089,-0.2178,1,
within_therapist,patient_imp,,AC03V2T1_with_predictions.csv,AC04V2T1_with_predictions.csv,12.0,14.0,0.5293,0.0851,0.9603,0.1018,0.0814,1,
within_therapist,patient_imp,,AC03V2T1_with_predictions.csv,AC05V1T1_with_predictions.csv,12.0,5.0,0.5668,0.0976,0.9195,0.1141,0.3742,1,
within_therapist,patient_imp,,AC03V2T1_with_predictions.csv,AC05V2T1_with_predictions.csv,12.0,4.0,0.5857,0.1121,0.8971,0.1289,0.0501,1,
within_therapist,patient_imp,,AC03V2T1_with_predictions.csv,AC09V1T1_with_predictions.csv,12.0,4.0,0.4539,0.0938,1.0336,0.103,-0.3069,1,
within_therapist,patient_imp,,AC03V2T1_with_predictions.csv,AC09V2T1_with_predictions.csv,12.0,2.0,0.4725,0.0863,1.0178,0.1048,-0.8901,1,
within_therapist,patient_imp,,AC03V2T1_with_predictions.csv,AC11V1T1_with_predictions.csv,12.0,1.0,0.6035,0.0844,0.8803,0.101,,1,
within_therapist,patient_imp,,AC03V2T1_with_predictions.csv,AC11V2T1_with_predictions.csv,12.0,1.0,0.4582,0.0684,1.0316,0.0858,,1,
within_therapist,patient_imp,,AC03V2T1_with_predictions.csv,AC13V1T1_with_predictions.csv,12.0,12.0,0.5292,0.083,0.9604,0.0977,-0.1843,1,
within_therapist,patient_imp,,AC03V2T1_with_predictions.csv,AC13V2T1_with_predictions.csv,12.0,8.0,0.5667,0.0939,0.92,0.1084,0.2215,1,
within_therapist,patient_imp,,AC03V2T1_with_predictions.csv,AC18V2T1_with_predictions.csv,12.0,1.0,0.6151,0.0664,0.8699,0.0843,,1,
within_therapist,patient_imp,,AC04V1T1_with_predictions.csv,AC04V2T1_with_predictions.csv,13.0,14.0,0.5248,0.0807,0.9711,0.0858,0.1005,1,
within_therapist,patient_imp,,AC04V1T1_with_predictions.csv,AC05V1T1_with_predictions.csv,13.0,5.0,0.5371,0.0954,0.9564,0.1053,0.2235,1,
within_therapist,patient_imp,,AC04V1T1_with_predictions.csv,AC05V2T1_with_predictions.csv,13.0,4.0,0.5695,0.1266,0.9172,0.1408,-1.1807,1,
within_therapist,patient_imp,,AC04V1T1_with_predictions.csv,AC09V1T1_with_predictions.csv,13.0,4.0,0.4347,0.0856,1.0602,0.0807,-0.5963,1,
within_therapist,patient_imp,,AC04V1T1_with_predictions.csv,AC09V2T1_with_predictions.csv,13.0,2.0,0.4412,0.044,1.0563,0.0415,0.53,1,
within_therapist,patient_imp,,AC04V1T1_with_predictions.csv,AC11V1T1_with_predictions.csv,13.0,1.0,0.5672,0.0985,0.9241,0.1084,,1,
within_therapist,patient_imp,,AC04V1T1_with_predictions.csv,AC11V2T1_with_predictions.csv,13.0,1.0,0.4527,0.0732,1.044,0.0684,,1,
within_therapist,patient_imp,,AC04V1T1_with_predictions.csv,AC13V1T1_with_predictions.csv,13.0,12.0,0.5077,0.0757,0.9892,0.0784,0.2964,1,
within_therapist,patient_imp,,AC04V1T1_with_predictions.csv,AC13V2T1_with_predictions.csv,13.0,8.0,0.5437,0.0903,0.9505,0.0957,-0.6569,1,
within_therapist,patient_imp,,AC04V1T1_with_predictions.csv,AC18V2T1_with_predictions.csv,13.0,1.0,0.5817,0.0758,0.9108,0.0839,,1,
within_therapist,patient_imp,,AC04V2T1_with_predictions.csv,AC05V1T1_with_predictions.csv,14.0,5.0,0.5259,0.0824,0.9696,0.0906,-0.2896,1,
within_therapist,patient_imp,,AC04V2T1_with_predictions.csv,AC05V2T1_with_predictions.csv,14.0,4.0,0.5436,0.0857,0.9509,0.0926,-0.6801,1,
within_therapist,patient_imp,,AC04V2T1_with_predictions.csv,AC09V1T1_with_predictions.csv,14.0,4.0,0.4378,0.0778,1.0579,0.0726,-1.0851,1,
within_therapist,patient_imp,,AC04V2T1_with_predictions.csv,AC09V2T1_with_predictions.csv,14.0,2.0,0.4497,0.0657,1.047,0.0655,-15.9152,1,
within_therapist,patient_imp,,AC04V2T1_with_predictions.csv,AC11V1T1_with_predictions.csv,14.0,1.0,0.5415,0.0783,0.9537,0.0862,,1,
within_therapist,patient_imp,,AC04V2T1_with_predictions.csv,AC11V2T1_with_predictions.csv,14.0,1.0,0.449,0.0582,1.0483,0.0558,,1,
within_therapist,patient_imp,,AC04V2T1_with_predictions.csv,AC13V1T1_with_predictions.csv,14.0,12.0,0.5015,0.0732,0.9957,0.0746,-0.1663,1,
within_therapist,patient_imp,,AC04V2T1_with_predictions.csv,AC13V2T1_with_predictions.csv,14.0,8.0,0.5213,0.0794,0.975,0.0818,-0.3373,1,
within_therapist,patient_imp,,AC04V2T1_with_predictions.csv,AC18V2T1_with_predictions.csv,14.0,1.0,0.5717,0.058,0.9234,0.0628,,1,
within_therapist,patient_imp,,AC05V1T1_with_predictions.csv,AC05V2T1_with_predictions.csv,5.0,4.0,0.5912,0.131,0.8916,0.1502,-0.6219,1,
within_therapist,patient_imp,,AC05V1T1_with_predictions.csv,AC09V1T1_with_predictions.csv,5.0,4.0,0.4371,0.0786,1.0584,0.0746,-0.2232,1,
within_therapist,patient_imp,,AC05V1T1_with_predictions.csv,AC09V2T1_with_predictions.csv,5.0,2.0,0.4493,0.0433,1.0487,0.0412,-1.9377,1,
within_therapist,patient_imp,,AC05V1T1_with_predictions.csv,AC11V1T1_with_predictions.csv,5.0,1.0,0.6233,0.0981,0.8609,0.1112,,1,
within_therapist,patient_imp,,AC05V1T1_with_predictions.csv,AC11V2T1_with_predictions.csv,5.0,1.0,0.4693,0.0569,1.0287,0.0573,,1,
within_therapist,patient_imp,,AC05V1T1_with_predictions.csv,AC13V1T1_with_predictions.csv,5.0,12.0,0.5269,0.0908,0.968,0.0953,0.2214,1,
within_therapist,patient_imp,,AC05V1T1_with_predictions.csv,AC13V2T1_with_predictions.csv,5.0,8.0,0.558,0.1031,0.9336,0.1115,0.4426,1,
within_therapist,patient_imp,,AC05V1T1_with_predictions.csv,AC18V2T1_with_predictions.csv,5.0,1.0,0.5895,0.1023,0.8991,0.1125,,1,
within_therapist,patient_imp,,AC05V2T1_with_predictions.csv,AC09V1T1_with_predictions.csv,4.0,4.0,0.4315,0.1041,1.0619,0.097,-0.4105,1,
within_therapist,patient_imp,,AC05V2T1_with_predictions.csv,AC09V2T1_with_predictions.csv,4.0,2.0,0.4746,0.0979,1.02,0.1017,-1.007,1,
within_therapist,patient_imp,,AC05V2T1_with_predictions.csv,AC11V1T1_with_predictions.csv,4.0,1.0,0.6292,0.1281,0.8496,0.1403,,1,
within_therapist,patient_imp,,AC05V2T1_with_predictions.csv,AC11V2T1_with_predictions.csv,4.0,1.0,0.4597,0.0441,1.0387,0.042,,1,
within_therapist,patient_imp,,AC05V2T1_with_predictions.csv,AC13V1T1_with_predictions.csv,4.0,12.0,0.5529,0.0963,0.9402,0.1005,-0.5914,1,
within_therapist,patient_imp,,AC05V2T1_with_predictions.csv,AC13V2T1_with_predictions.csv,4.0,8.0,0.589,0.1344,0.8952,0.1436,-0.321,1,
within_therapist,patient_imp,,AC05V2T1_with_predictions.csv,AC18V2T1_with_predictions.csv,4.0,1.0,0.657,0.0979,0.8207,0.1111,,1,
within_therapist,patient_imp,,AC09V1T1_with_predictions.csv,AC09V2T1_with_predictions.csv,4.0,2.0,0.38,0.0607,1.1123,0.0545,0.7666,1,
within_therapist,patient_imp,,AC09V1T1_with_predictions.csv,AC11V1T1_with_predictions.csv,4.0,1.0,0.458,0.0687,1.039,0.0669,,1,
within_therapist,patient_imp,,AC09V1T1_with_predictions.csv,AC11V2T1_with_predictions.csv,4.0,1.0,0.4019,0.0777,1.0915,0.0689,,1,
within_therapist,patient_imp,,AC09V1T1_with_predictions.csv,AC13V1T1_with_predictions.csv,4.0,12.0,0.4153,0.0739,1.0792,0.0686,-0.6368,1,
within_therapist,patient_imp,,AC09V1T1_with_predictions.csv,AC13V2T1_with_predictions.csv,4.0,8.0,0.4471,0.0821,1.0487,0.0786,-0.4606,1,
within_therapist,patient_imp,,AC09V1T1_with_predictions.csv,AC18V2T1_with_predictions.csv,4.0,1.0,0.4676,0.0566,1.0305,0.0539,,1,
within_therapist,patient_imp,,AC09V2T1_with_predictions.csv,AC11V1T1_with_predictions.csv,2.0,1.0,0.4221,0.0547,1.0739,0.0509,,1,
within_therapist,patient_imp,,AC09V2T1_with_predictions.csv,AC11V2T1_with_predictions.csv,2.0,1.0,0.3987,0.0517,1.0956,0.0472,,1,
within_therapist,patient_imp,,AC09V2T1_with_predictions.csv,AC13V1T1_with_predictions.csv,2.0,12.0,0.4386,0.0722,1.0573,0.07,-0.6199,1,
within_therapist,patient_imp,,AC09V2T1_with_predictions.csv,AC13V2T1_with_predictions.csv,2.0,8.0,0.4406,0.0481,1.0567,0.0463,-0.9535,1,
within_therapist,patient_imp,,AC09V2T1_with_predictions.csv,AC18V2T1_with_predictions.csv,2.0,1.0,0.5079,0.0543,0.9906,0.0548,,1,
within_therapist,patient_imp,,AC11V1T1_with_predictions.csv,AC11V2T1_with_predictions.csv,1.0,1.0,0.4447,0.0,1.0539,0.0,,1,
within_therapist,patient_imp,,AC11V1T1_with_predictions.csv,AC13V1T1_with_predictions.csv,1.0,12.0,0.5833,0.0841,0.9082,0.0919,,1,
within_therapist,patient_imp,,AC11V1T1_with_predictions.csv,AC13V2T1_with_predictions.csv,1.0,8.0,0.616,0.0795,0.8719,0.0883,,1,
within_therapist,patient_imp,,AC11V1T1_with_predictions.csv,AC18V2T1_with_predictions.csv,1.0,1.0,0.6504,0.0,0.8362,0.0,,1,
within_therapist,patient_imp,,AC11V2T1_with_predictions.csv,AC13V1T1_with_predictions.csv,1.0,12.0,0.4026,0.0464,1.0922,0.0438,,1,
within_therapist,patient_imp,,AC11V2T1_with_predictions.csv,AC13V2T1_with_predictions.csv,1.0,8.0,0.4421,0.0604,1.0549,0.0559,,1,
within_therapist,patient_imp,,AC11V2T1_with_predictions.csv,AC18V2T1_with_predictions.csv,1.0,1.0,0.4935,0.0,1.0065,0.0,,1,
within_therapist,patient_imp,,AC13V1T1_with_predictions.csv,AC13V2T1_with_predictions.csv,12.0,8.0,0.5472,0.0931,0.9466,0.0971,0.2242,1,
within_therapist,patient_imp,,AC13V1T1_with_predictions.csv,AC18V2T1_with_predictions.csv,12.0,1.0,0.6013,0.0827,0.8879,0.0949,,1,
within_therapist,patient_imp,,AC13V2T1_with_predictions.csv,AC18V2T1_with_predictions.csv,8.0,1.0,0.6367,0.09,0.8467,0.0985,,1,
within_therapist,patient_imp,,AC06V1T2_with_predictions.csv,AC06V2T2_with_predictions.csv,3.0,1.0,0.4654,0.0907,1.0302,0.0887,,2,
within_therapist,patient_imp,,AC06V1T2_with_predictions.csv,AC08V1T2_with_predictions.csv,3.0,6.0,0.4211,0.0591,1.0747,0.0545,-0.5602,2,
within_therapist,patient_imp,,AC06V1T2_with_predictions.csv,AC08V2T2_with_predictions.csv,3.0,8.0,0.4656,0.0343,1.0333,0.0335,-0.6901,2,
within_therapist,patient_imp,,AC06V1T2_with_predictions.csv,AC12V1T2_with_predictions.csv,3.0,2.0,0.4408,0.047,1.0566,0.0446,-0.503,2,
within_therapist,patient_imp,,AC06V1T2_with_predictions.csv,AC12V2T2_with_predictions.csv,3.0,1.0,0.4594,0.0537,1.0385,0.0524,,2,
within_therapist,patient_imp,,AC06V2T2_with_predictions.csv,AC08V1T2_with_predictions.csv,1.0,6.0,0.4496,0.0359,1.0487,0.0339,,2,
within_therapist,patient_imp,,AC06V2T2_with_predictions.csv,AC08V2T2_with_predictions.csv,1.0,8.0,0.4794,0.035,1.0198,0.0339,,2,
within_therapist,patient_imp,,AC06V2T2_with_predictions.csv,AC12V1T2_with_predictions.csv,1.0,2.0,0.5863,0.1367,0.8967,0.1524,,2,
within_therapist,patient_imp,,AC06V2T2_with_predictions.csv,AC12V2T2_with_predictions.csv,1.0,1.0,0.724,0.0,0.7429,0.0,,2,
within_therapist,patient_imp,,AC08V1T2_with_predictions.csv,AC08V2T2_with_predictions.csv,6.0,8.0,0.5588,0.1053,0.9318,0.1186,-0.0519,2,
within_therapist,patient_imp,,AC08V1T2_with_predictions.csv,AC12V1T2_with_predictions.csv,6.0,2.0,0.4553,0.0789,1.0408,0.0779,-29.1659,2,
within_therapist,patient_imp,,AC08V1T2_with_predictions.csv,AC12V2T2_with_predictions.csv,6.0,1.0,0.4677,0.0713,1.0295,0.0693,,2,
within_therapist,patient_imp,,AC08V2T2_with_predictions.csv,AC12V1T2_with_predictions.csv,8.0,2.0,0.5034,0.0556,0.995,0.0563,-0.2937,2,
within_therapist,patient_imp,,AC08V2T2_with_predictions.csv,AC12V2T2_with_predictions.csv,8.0,1.0,0.5212,0.0461,0.9774,0.0481,,2,
within_therapist,patient_imp,,AC12V1T2_with_predictions.csv,AC12V2T2_with_predictions.csv,2.0,1.0,0.6203,0.1576,0.8516,0.1851,,2,
within_therapist,patient_imp,,AC14V1T3_with_predictions.csv,AC14V2T3_with_predictions.csv,4.0,3.0,0.5567,0.0675,0.9388,0.0729,-0.248,3,
within_therapist,patient_imp,,AC17V1T5_with_predictions.csv,AC17V2T5_with_predictions.csv,8.0,3.0,0.4822,0.0649,1.0157,0.0639,-0.2398,5,
within_therapist,therapist_imp,,AC02V1T1_with_predictions.csv,AC02V2T1_with_predictions.csv,17.0,15.0,0.674,0.0682,0.803,0.0846,-0.1494,1,
within_therapist,therapist_imp,,AC02V1T1_with_predictions.csv,AC03V1T1_with_predictions.csv,17.0,13.0,0.6482,0.0621,0.8307,0.0778,-0.2937,1,
within_therapist,therapist_imp,,AC02V1T1_with_predictions.csv,AC03V2T1_with_predictions.csv,17.0,21.0,0.6257,0.077,0.8609,0.0867,-0.239,1,
within_therapist,therapist_imp,,AC02V1T1_with_predictions.csv,AC04V1T1_with_predictions.csv,17.0,16.0,0.6153,0.0757,0.8728,0.0871,-0.2869,1,
within_therapist,therapist_imp,,AC02V1T1_with_predictions.csv,AC04V2T1_with_predictions.csv,17.0,16.0,0.6339,0.0784,0.8509,0.0898,-0.2304,1,
within_therapist,therapist_imp,,AC02V1T1_with_predictions.csv,AC05V1T1_with_predictions.csv,17.0,20.0,0.6152,0.0649,0.8742,0.0741,-0.2049,1,
within_therapist,therapist_imp,,AC02V1T1_with_predictions.csv,AC05V2T1_with_predictions.csv,17.0,21.0,0.643,0.0702,0.841,0.0825,-0.3039,1,
within_therapist,therapist_imp,,AC02V1T1_with_predictions.csv,AC09V1T1_with_predictions.csv,17.0,10.0,0.6528,0.045,0.8243,0.0596,-0.0911,1,
within_therapist,therapist_imp,,AC02V1T1_with_predictions.csv,AC09V2T1_with_predictions.csv,17.0,11.0,0.6018,0.0785,0.8881,0.0882,-0.3396,1,
within_therapist,therapist_imp,,AC02V1T1_with_predictions.csv,AC11V1T1_with_predictions.csv,17.0,16.0,0.6512,0.057,0.8324,0.0688,-0.1212,1,
within_therapist,therapist_imp,,AC02V1T1_with_predictions.csv,AC11V2T1_with_predictions.csv,17.0,16.0,0.6347,0.0732,0.8506,0.084,-0.2855,1,
within_therapist,therapist_imp,,AC02V1T1_with_predictions.csv,AC13V1T1_with_predictions.csv,17.0,12.0,0.6558,0.0542,0.8271,0.066,-0.4162,1,
within_therapist,therapist_imp,,AC02V1T1_with_predictions.csv,AC13V2T1_with_predictions.csv,17.0,17.0,0.644,0.0729,0.8357,0.0887,-0.1541,1,
within_therapist,therapist_imp,,AC02V1T1_with_predictions.csv,AC18V1T1_with_predictions.csv,17.0,13.0,0.6417,0.0669,0.8429,0.0781,-0.3579,1,
within_therapist,therapist_imp,,AC02V1T1_with_predictions.csv,AC18V2T1_with_predictions.csv,17.0,9.0,0.647,0.0458,0.8384,0.0549,-0.1969,1,
within_therapist,therapist_imp,,AC02V2T1_with_predictions.csv,AC03V1T1_with_predictions.csv,15.0,13.0,0.6606,0.0775,0.814,0.0949,0.3252,1,
within_therapist,therapist_imp,,AC02V2T1_with_predictions.csv,AC03V2T1_with_predictions.csv,15.0,21.0,0.6408,0.0905,0.841,0.1052,-0.0838,1,
within_therapist,therapist_imp,,AC02V2T1_with_predictions.csv,AC04V1T1_with_predictions.csv,15.0,16.0,0.6199,0.0772,0.8673,0.0895,-0.2339,1,
within_therapist,therapist_imp,,AC02V2T1_with_predictions.csv,AC04V2T1_with_predictions.csv,15.0,16.0,0.6334,0.0874,0.8504,0.1001,-0.1586,1,
within_therapist,therapist_imp,,AC02V2T1_with_predictions.csv,AC05V1T1_with_predictions.csv,15.0,20.0,0.6237,0.0671,0.8641,0.0774,-0.0127,1,
within_therapist,therapist_imp,,AC02V2T1_with_predictions.csv,AC05V2T1_with_predictions.csv,15.0,21.0,0.6493,0.079,0.8321,0.0945,-0.3231,1,
within_therapist,therapist_imp,,AC02V2T1_with_predictions.csv,AC09V1T1_with_predictions.csv,15.0,10.0,0.6594,0.0593,0.815,0.0742,0.1905,1,
within_therapist,therapist_imp,,AC02V2T1_with_predictions.csv,AC09V2T1_with_predictions.csv,15.0,11.0,0.6085,0.0823,0.8799,0.0932,-0.2593,1,
within_therapist,therapist_imp,,AC02V2T1_with_predictions.csv,AC11V1T1_with_predictions.csv,15.0,16.0,0.6613,0.0707,0.8185,0.0871,0.3382,1,
within_therapist,therapist_imp,,AC02V2T1_with_predictions.csv,AC11V2T1_with_predictions.csv,15.0,16.0,0.6414,0.0837,0.8413,0.0971,-0.3182,1,
within_therapist,therapist_imp,,AC02V2T1_with_predictions.csv,AC13V1T1_with_predictions.csv,15.0,12.0,0.67,0.0644,0.8085,0.079,0.0442,1,
within_therapist,therapist_imp,,AC02V2T1_with_predictions.csv,AC13V2T1_with_predictions.csv,15.0,17.0,0.6609,0.0786,0.8143,0.0964,-0.0245,1,
within_therapist,therapist_imp,,AC02V2T1_with_predictions.csv,AC18V1T1_with_predictions.csv,15.0,13.0,0.6608,0.082,0.8178,0.0982,-0.1328,1,
within_therapist,therapist_imp,,AC02V2T1_with_predictions.csv,AC18V2T1_with_predictions.csv,15.0,9.0,0.6588,0.0649,0.8222,0.0792,-0.3216,1,
within_therapist,therapist_imp,,AC03V1T1_with_predictions.csv,AC03V2T1_with_predictions.csv,13.0,21.0,0.6544,0.0937,0.8194,0.115,-0.2241,1,
within_therapist,therapist_imp,,AC03V1T1_with_predictions.csv,AC04V1T1_with_predictions.csv,13.0,16.0,0.6197,0.089,0.8612,0.1064,-0.4012,1,
within_therapist,therapist_imp,,AC03V1T1_with_predictions.csv,AC04V2T1_with_predictions.csv,13.0,16.0,0.6263,0.082,0.8547,0.0981,-0.0752,1,
within_therapist,therapist_imp,,AC03V1T1_with_predictions.csv,AC05V1T1_with_predictions.csv,13.0,20.0,0.6113,0.0717,0.873,0.0876,-0.1824,1,
within_therapist,therapist_imp,,AC03V1T1_with_predictions.csv,AC05V2T1_with_predictions.csv,13.0,21.0,0.6353,0.0792,0.8445,0.0975,-0.3886,1,
within_therapist,therapist_imp,,AC03V1T1_with_predictions.csv,AC09V1T1_with_predictions.csv,13.0,10.0,0.676,0.0663,0.7895,0.0919,0.4172,1,
within_therapist,therapist_imp,,AC03V1T1_with_predictions.csv,AC09V2T1_with_predictions.csv,13.0,11.0,0.5977,0.0879,0.8866,0.1048,0.1291,1,
within_therapist,therapist_imp,,AC03V1T1_with_predictions.csv,AC11V1T1_with_predictions.csv,13.0,16.0,0.6502,0.0817,0.826,0.1022,-0.1938,1,
within_therapist,therapist_imp,,AC03V1T1_with_predictions.csv,AC11V2T1_with_predictions.csv,13.0,16.0,0.6459,0.0769,0.8319,0.094,-0.088,1,
within_therapist,therapist_imp,,AC03V1T1_with_predictions.csv,AC13V1T1_with_predictions.csv,13.0,12.0,0.6511,0.0724,0.8261,0.0896,-0.3631,1,
within_therapist,therapist_imp,,AC03V1T1_with_predictions.csv,AC13V2T1_with_predictions.csv,13.0,17.0,0.6425,0.0874,0.8307,0.1137,-0.1214,1,
within_therapist,therapist_imp,,AC03V1T1_with_predictions.csv,AC18V1T1_with_predictions.csv,13.0,13.0,0.6629,0.0833,0.8103,0.1029,-0.3931,1,
within_therapist,therapist_imp,,AC03V1T1_with_predictions.csv,AC18V2T1_with_predictions.csv,13.0,9.0,0.6467,0.0681,0.8317,0.0854,-0.8389,1,
within_therapist,therapist_imp,,AC03V2T1_with_predictions.csv,AC04V1T1_with_predictions.csv,21.0,16.0,0.6075,0.0906,0.88,0.1029,-0.319,1,
within_therapist,therapist_imp,,AC03V2T1_with_predictions.csv,AC04V2T1_with_predictions.csv,21.0,16.0,0.6133,0.0969,0.8726,0.1094,-0.3713,1,
within_therapist,therapist_imp,,AC03V2T1_with_predictions.csv,AC05V1T1_with_predictions.csv,21.0,20.0,0.5972,0.0852,0.8925,0.0948,-0.3333,1,
within_therapist,therapist_imp,,AC03V2T1_with_predictions.csv,AC05V2T1_with_predictions.csv,21.0,21.0,0.619,0.0929,0.8663,0.1068,-0.3008,1,
within_therapist,therapist_imp,,AC03V2T1_with_predictions.csv,AC09V1T1_with_predictions.csv,21.0,10.0,0.6473,0.0814,0.8275,0.0978,-0.1812,1,
within_therapist,therapist_imp,,AC03V2T1_with_predictions.csv,AC09V2T1_with_predictions.csv,21.0,11.0,0.5853,0.0874,0.9056,0.0966,-0.3625,1,
within_therapist,therapist_imp,,AC03V2T1_with_predictions.csv,AC11V1T1_with_predictions.csv,21.0,16.0,0.6266,0.0866,0.8583,0.1005,-0.1374,1,
within_therapist,therapist_imp,,AC03V2T1_with_predictions.csv,AC11V2T1_with_predictions.csv,21.0,16.0,0.619,0.09,0.867,0.1019,-0.2569,1,
within_therapist,therapist_imp,,AC03V2T1_with_predictions.csv,AC13V1T1_with_predictions.csv,21.0,12.0,0.6261,0.0875,0.8589,0.1001,-0.2213,1,
within_therapist,therapist_imp,,AC03V2T1_with_predictions.csv,AC13V2T1_with_predictions.csv,21.0,17.0,0.6198,0.0951,0.8616,0.1117,-0.3721,1,
within_therapist,therapist_imp,,AC03V2T1_with_predictions.csv,AC18V1T1_with_predictions.csv,21.0,13.0,0.6374,0.0877,0.8453,0.1033,-0.0253,1,
within_therapist,therapist_imp,,AC03V2T1_with_predictions.csv,AC18V2T1_with_predictions.csv,21.0,9.0,0.6254,0.081,0.8606,0.0927,0.08,1,
within_therapist,therapist_imp,,AC04V1T1_with_predictions.csv,AC04V2T1_with_predictions.csv,16.0,16.0,0.6269,0.0973,0.8562,0.1147,0.0371,1,
within_therapist,therapist_imp,,AC04V1T1_with_predictions.csv,AC05V1T1_with_predictions.csv,16.0,20.0,0.5998,0.0728,0.8908,0.083,-0.203,1,
within_therapist,therapist_imp,,AC04V1T1_with_predictions.csv,AC05V2T1_with_predictions.csv,16.0,21.0,0.619,0.0806,0.8679,0.094,-0.3742,1,
within_therapist,therapist_imp,,AC04V1T1_with_predictions.csv,AC09V1T1_with_predictions.csv,16.0,10.0,0.6159,0.0699,0.8652,0.085,-0.2995,1,
within_therapist,therapist_imp,,AC04V1T1_with_predictions.csv,AC09V2T1_with_predictions.csv,16.0,11.0,0.5706,0.0927,0.9212,0.1012,-0.3408,1,
within_therapist,therapist_imp,,AC04V1T1_with_predictions.csv,AC11V1T1_with_predictions.csv,16.0,16.0,0.6164,0.0758,0.8716,0.0871,-0.0136,1,
within_therapist,therapist_imp,,AC04V1T1_with_predictions.csv,AC11V2T1_with_predictions.csv,16.0,16.0,0.6159,0.0809,0.8716,0.0925,0.1268,1,
within_therapist,therapist_imp,,AC04V1T1_with_predictions.csv,AC13V1T1_with_predictions.csv,16.0,12.0,0.6069,0.0756,0.8825,0.0861,-0.2678,1,
within_therapist,therapist_imp,,AC04V1T1_with_predictions.csv,AC13V2T1_with_predictions.csv,16.0,17.0,0.6124,0.087,0.871,0.1034,-0.0999,1,
within_therapist,therapist_imp,,AC04V1T1_with_predictions.csv,AC18V1T1_with_predictions.csv,16.0,13.0,0.5984,0.0788,0.8919,0.0879,-0.2956,1,
within_therapist,therapist_imp,,AC04V1T1_with_predictions.csv,AC18V2T1_with_predictions.csv,16.0,9.0,0.5954,0.072,0.8959,0.0809,-0.3496,1,
within_therapist,therapist_imp,,AC04V2T1_with_predictions.csv,AC05V1T1_with_predictions.csv,16.0,20.0,0.6045,0.0844,0.8842,0.0951,-0.0346,1,
within_therapist,therapist_imp,,AC04V2T1_with_predictions.csv,AC05V2T1_with_predictions.csv,16.0,21.0,0.6309,0.0901,0.8528,0.1043,-0.1923,1,
within_therapist,therapist_imp,,AC04V2T1_with_predictions.csv,AC09V1T1_with_predictions.csv,16.0,10.0,0.6216,0.0734,0.8586,0.0871,-0.1892,1,
within_therapist,therapist_imp,,AC04V2T1_with_predictions.csv,AC09V2T1_with_predictions.csv,16.0,11.0,0.5848,0.0976,0.9049,0.1072,0.1413,1,
within_therapist,therapist_imp,,AC04V2T1_with_predictions.csv,AC11V1T1_with_predictions.csv,16.0,16.0,0.6291,0.0856,0.8558,0.0971,-0.2976,1,
within_therapist,therapist_imp,,AC04V2T1_with_predictions.csv,AC11V2T1_with_predictions.csv,16.0,16.0,0.6184,0.0892,0.8678,0.0999,-0.5071,1,
within_therapist,therapist_imp,,AC04V2T1_with_predictions.csv,AC13V1T1_with_predictions.csv,16.0,12.0,0.6247,0.0842,0.8611,0.0953,-0.2387,1,
within_therapist,therapist_imp,,AC04V2T1_with_predictions.csv,AC13V2T1_with_predictions.csv,16.0,17.0,0.6216,0.0934,0.8596,0.109,0.0469,1,
within_therapist,therapist_imp,,AC04V2T1_with_predictions.csv,AC18V1T1_with_predictions.csv,16.0,13.0,0.6064,0.0824,0.8825,0.0918,-0.372,1,
within_therapist,therapist_imp,,AC04V2T1_with_predictions.csv,AC18V2T1_with_predictions.csv,16.0,9.0,0.6117,0.0738,0.8774,0.0822,-0.2889,1,
within_therapist,therapist_imp,,AC05V1T1_with_predictions.csv,AC05V2T1_with_predictions.csv,20.0,21.0,0.6227,0.0755,0.8642,0.0877,-0.1899,1,
within_therapist,therapist_imp,,AC05V1T1_with_predictions.csv,AC09V1T1_with_predictions.csv,20.0,10.0,0.6108,0.0581,0.872,0.0726,-0.293,1,
within_therapist,therapist_imp,,AC05V1T1_with_predictions.csv,AC09V2T1_with_predictions.csv,20.0,11.0,0.5735,0.0778,0.9197,0.0847,0.5841,1,
within_therapist,therapist_imp,,AC05V1T1_with_predictions.csv,AC11V1T1_with_predictions.csv,20.0,16.0,0.6144,0.0662,0.875,0.0752,0.0053,1,
within_therapist,therapist_imp,,AC05V1T1_with_predictions.csv,AC11V2T1_with_predictions.csv,20.0,16.0,0.6093,0.0789,0.8794,0.0893,0.1301,1,
within_therapist,therapist_imp,,AC05V1T1_with_predictions.csv,AC13V1T1_with_predictions.csv,20.0,12.0,0.6101,0.0661,0.8799,0.0758,0.1783,1,
within_therapist,therapist_imp,,AC05V1T1_with_predictions.csv,AC13V2T1_with_predictions.csv,20.0,17.0,0.6158,0.0764,0.8685,0.0909,0.1608,1,
within_therapist,therapist_imp,,AC05V1T1_with_predictions.csv,AC18V1T1_with_predictions.csv,20.0,13.0,0.6013,0.069,0.8896,0.0775,-0.0292,1,
within_therapist,therapist_imp,,AC05V1T1_with_predictions.csv,AC18V2T1_with_predictions.csv,20.0,9.0,0.602,0.0591,0.8897,0.0668,0.112,1,
within_therapist,therapist_imp,,AC05V2T1_with_predictions.csv,AC09V1T1_with_predictions.csv,21.0,10.0,0.6304,0.0643,0.8488,0.0787,-0.2588,1,
within_therapist,therapist_imp,,AC05V2T1_with_predictions.csv,AC09V2T1_with_predictions.csv,21.0,11.0,0.5922,0.0827,0.8984,0.0914,-0.3324,1,
within_therapist,therapist_imp,,AC05V2T1_with_predictions.csv,AC11V1T1_with_predictions.csv,21.0,16.0,0.6356,0.0762,0.849,0.0899,-0.0798,1,
within_therapist,therapist_imp,,AC05V2T1_with_predictions.csv,AC11V2T1_with_predictions.csv,21.0,16.0,0.6384,0.0874,0.8441,0.1034,0.0695,1,
within_therapist,therapist_imp,,AC05V2T1_with_predictions.csv,AC13V1T1_with_predictions.csv,21.0,12.0,0.6393,0.0756,0.8447,0.0895,-0.1789,1,
within_therapist,therapist_imp,,AC05V2T1_with_predictions.csv,AC13V2T1_with_predictions.csv,21.0,17.0,0.6378,0.0831,0.8419,0.1012,-0.0682,1,
within_therapist,therapist_imp,,AC05V2T1_with_predictions.csv,AC18V1T1_with_predictions.csv,21.0,13.0,0.6265,0.0816,0.8589,0.096,-0.2059,1,
within_therapist,therapist_imp,,AC05V2T1_with_predictions.csv,AC18V2T1_with_predictions.csv,21.0,9.0,0.6224,0.0755,0.8645,0.0877,-0.0907,1,
within_therapist,therapist_imp,,AC09V1T1_with_predictions.csv,AC09V2T1_with_predictions.csv,10.0,11.0,0.6082,0.0792,0.8736,0.0954,-0.9702,1,
within_therapist,therapist_imp,,AC09V1T1_with_predictions.csv,AC11V1T1_with_predictions.csv,10.0,16.0,0.6535,0.064,0.8226,0.0822,0.1959,1,
within_therapist,therapist_imp,,AC09V1T1_with_predictions.csv,AC11V2T1_with_predictions.csv,10.0,16.0,0.6366,0.0613,0.8425,0.0764,0.0393,1,
within_therapist,therapist_imp,,AC09V1T1_with_predictions.csv,AC13V1T1_with_predictions.csv,10.0,12.0,0.6548,0.0551,0.8206,0.0698,-0.4903,1,
within_therapist,therapist_imp,,AC09V1T1_with_predictions.csv,AC13V2T1_with_predictions.csv,10.0,17.0,0.6423,0.0731,0.8305,0.0976,0.02,1,
within_therapist,therapist_imp,,AC09V1T1_with_predictions.csv,AC18V1T1_with_predictions.csv,10.0,13.0,0.6652,0.0722,0.806,0.0889,-0.3564,1,
within_therapist,therapist_imp,,AC09V1T1_with_predictions.csv,AC18V2T1_with_predictions.csv,10.0,9.0,0.6534,0.0561,0.8222,0.0713,-0.3182,1,
within_therapist,therapist_imp,,AC09V2T1_with_predictions.csv,AC11V1T1_with_predictions.csv,11.0,16.0,0.6082,0.0815,0.8804,0.0924,-0.0989,1,
within_therapist,therapist_imp,,AC09V2T1_with_predictions.csv,AC11V2T1_with_predictions.csv,11.0,16.0,0.5868,0.0914,0.9036,0.0991,-0.1406,1,
within_therapist,therapist_imp,,AC09V2T1_with_predictions.csv,AC13V1T1_with_predictions.csv,11.0,12.0,0.6006,0.0764,0.8896,0.0859,0.0013,1,
within_therapist,therapist_imp,,AC09V2T1_with_predictions.csv,AC13V2T1_with_predictions.csv,11.0,17.0,0.5995,0.0817,0.8863,0.096,0.1768,1,
within_therapist,therapist_imp,,AC09V2T1_with_predictions.csv,AC18V1T1_with_predictions.csv,11.0,13.0,0.5856,0.0791,0.9061,0.0886,-0.2814,1,
within_therapist,therapist_imp,,AC09V2T1_with_predictions.csv,AC18V2T1_with_predictions.csv,11.0,9.0,0.592,0.0684,0.9002,0.0758,-0.2135,1,
within_therapist,therapist_imp,,AC11V1T1_with_predictions.csv,AC11V2T1_with_predictions.csv,16.0,16.0,0.6383,0.0829,0.8451,0.096,0.0214,1,
within_therapist,therapist_imp,,AC11V1T1_with_predictions.csv,AC13V1T1_with_predictions.csv,16.0,12.0,0.6393,0.0636,0.8459,0.0767,-0.3042,1,
within_therapist,therapist_imp,,AC11V1T1_with_predictions.csv,AC13V2T1_with_predictions.csv,16.0,17.0,0.6397,0.081,0.8398,0.0997,-0.1755,1,
within_therapist,therapist_imp,,AC11V1T1_with_predictions.csv,AC18V1T1_with_predictions.csv,16.0,13.0,0.6415,0.0819,0.8411,0.0978,-0.3402,1,
within_therapist,therapist_imp,,AC11V1T1_with_predictions.csv,AC18V2T1_with_predictions.csv,16.0,9.0,0.6413,0.0622,0.8436,0.0757,0.0908,1,
within_therapist,therapist_imp,,AC11V2T1_with_predictions.csv,AC13V1T1_with_predictions.csv,16.0,12.0,0.6279,0.0776,0.8579,0.0901,-0.2591,1,
within_therapist,therapist_imp,,AC11V2T1_with_predictions.csv,AC13V2T1_with_predictions.csv,16.0,17.0,0.6296,0.0885,0.8509,0.1051,-0.0773,1,
within_therapist,therapist_imp,,AC11V2T1_with_predictions.csv,AC18V1T1_with_predictions.csv,16.0,13.0,0.6261,0.0811,0.8596,0.0935,-0.1188,1,
within_therapist,therapist_imp,,AC11V2T1_with_predictions.csv,AC18V2T1_with_predictions.csv,16.0,9.0,0.6198,0.0768,0.8675,0.088,-0.4013,1,
within_therapist,therapist_imp,,AC13V1T1_with_predictions.csv,AC13V2T1_with_predictions.csv,12.0,17.0,0.6472,0.0804,0.8306,0.0982,-0.4302,1,
within_therapist,therapist_imp,,AC13V1T1_with_predictions.csv,AC18V1T1_with_predictions.csv,12.0,13.0,0.652,0.0743,0.8295,0.0888,-0.2074,1,
within_therapist,therapist_imp,,AC13V1T1_with_predictions.csv,AC18V2T1_with_predictions.csv,12.0,9.0,0.6529,0.062,0.8297,0.0757,-0.1023,1,
within_therapist,therapist_imp,,AC13V2T1_with_predictions.csv,AC18V1T1_with_predictions.csv,17.0,13.0,0.632,0.0843,0.8485,0.1009,-0.1522,1,
within_therapist,therapist_imp,,AC13V2T1_with_predictions.csv,AC18V2T1_with_predictions.csv,17.0,9.0,0.6321,0.0703,0.85,0.084,0.2646,1,
within_therapist,therapist_imp,,AC18V1T1_with_predictions.csv,AC18V2T1_with_predictions.csv,13.0,9.0,0.666,0.0813,0.8109,0.102,0.0531,1,
within_therapist,therapist_imp,,AC06V1T2_with_predictions.csv,AC06V2T2_with_predictions.csv,14.0,8.0,0.6774,0.0895,0.7959,0.109,-0.877,2,
within_therapist,therapist_imp,,AC06V1T2_with_predictions.csv,AC07V1T2_with_predictions.csv,14.0,17.0,0.6037,0.072,0.8866,0.0818,-0.3881,2,
within_therapist,therapist_imp,,AC06V1T2_with_predictions.csv,AC07V2T2_with_predictions.csv,14.0,13.0,0.5887,0.0814,0.9025,0.09,-0.2198,2,
within_therapist,therapist_imp,,AC06V1T2_with_predictions.csv,AC08V1T2_with_predictions.csv,14.0,19.0,0.6534,0.0745,0.8218,0.0942,-0.3399,2,
within_therapist,therapist_imp,,AC06V1T2_with_predictions.csv,AC08V2T2_with_predictions.csv,14.0,23.0,0.6404,0.0818,0.8424,0.0978,-0.0502,2,
within_therapist,therapist_imp,,AC06V1T2_with_predictions.csv,AC12V1T2_with_predictions.csv,14.0,7.0,0.5668,0.0629,0.9283,0.0675,-0.3039,2,
within_therapist,therapist_imp,,AC06V1T2_with_predictions.csv,AC12V2T2_with_predictions.csv,14.0,4.0,0.5632,0.1043,0.9271,0.1192,-0.3884,2,
within_therapist,therapist_imp,,AC06V2T2_with_predictions.csv,AC07V1T2_with_predictions.csv,8.0,17.0,0.5856,0.084,0.9057,0.0919,-0.7334,2,
within_therapist,therapist_imp,,AC06V2T2_with_predictions.csv,AC07V2T2_with_predictions.csv,8.0,13.0,0.5784,0.0832,0.9138,0.0897,-0.459,2,
within_therapist,therapist_imp,,AC06V2T2_with_predictions.csv,AC08V1T2_with_predictions.csv,8.0,19.0,0.6299,0.0918,0.8475,0.1123,-0.1774,2,
within_therapist,therapist_imp,,AC06V2T2_with_predictions.csv,AC08V2T2_with_predictions.csv,8.0,23.0,0.6296,0.0988,0.8529,0.115,-0.4353,2,
within_therapist,therapist_imp,,AC06V2T2_with_predictions.csv,AC12V1T2_with_predictions.csv,8.0,7.0,0.572,0.0785,0.9214,0.0841,-0.5756,2,
within_therapist,therapist_imp,,AC06V2T2_with_predictions.csv,AC12V2T2_with_predictions.csv,8.0,4.0,0.5484,0.1071,0.9425,0.1221,0.2289,2,
within_therapist,therapist_imp,,AC07V1T2_with_predictions.csv,AC07V2T2_with_predictions.csv,17.0,13.0,0.5506,0.0902,0.943,0.0974,0.1814,2,
within_therapist,therapist_imp,,AC07V1T2_with_predictions.csv,AC08V1T2_with_predictions.csv,17.0,19.0,0.5771,0.0768,0.9083,0.0946,-0.2228,2,
within_therapist,therapist_imp,,AC07V1T2_with_predictions.csv,AC08V2T2_with_predictions.csv,17.0,23.0,0.5582,0.0791,0.9362,0.0848,-0.1702,2,
within_therapist,therapist_imp,,AC07V1T2_with_predictions.csv,AC12V1T2_with_predictions.csv,17.0,7.0,0.5217,0.063,0.9759,0.0643,-0.6084,2,
within_therapist,therapist_imp,,AC07V1T2_with_predictions.csv,AC12V2T2_with_predictions.csv,17.0,4.0,0.5181,0.0853,0.9776,0.0899,-0.1,2,
within_therapist,therapist_imp,,AC07V2T2_with_predictions.csv,AC08V1T2_with_predictions.csv,13.0,19.0,0.5784,0.084,0.9061,0.1021,-0.1382,2,
within_therapist,therapist_imp,,AC07V2T2_with_predictions.csv,AC08V2T2_with_predictions.csv,13.0,23.0,0.5616,0.0806,0.9323,0.0874,-0.0222,2,
within_therapist,therapist_imp,,AC07V2T2_with_predictions.csv,AC12V1T2_with_predictions.csv,13.0,7.0,0.5172,0.0629,0.9806,0.0645,-0.5222,2,
within_therapist,therapist_imp,,AC07V2T2_with_predictions.csv,AC12V2T2_with_predictions.csv,13.0,4.0,0.5141,0.0905,0.9812,0.0954,0.6441,2,
within_therapist,therapist_imp,,AC08V1T2_with_predictions.csv,AC08V2T2_with_predictions.csv,19.0,23.0,0.6314,0.0903,0.8455,0.1134,0.155,2,
within_therapist,therapist_imp,,AC08V1T2_with_predictions.csv,AC12V1T2_with_predictions.csv,19.0,7.0,0.5473,0.0732,0.9407,0.0918,-0.0966,2,
within_therapist,therapist_imp,,AC08V1T2_with_predictions.csv,AC12V2T2_with_predictions.csv,19.0,4.0,0.5518,0.1,0.9327,0.1207,0.013,2,
within_therapist,therapist_imp,,AC08V2T2_with_predictions.csv,AC12V1T2_with_predictions.csv,23.0,7.0,0.5399,0.0743,0.9561,0.0781,-0.5327,2,
within_therapist,therapist_imp,,AC08V2T2_with_predictions.csv,AC12V2T2_with_predictions.csv,23.0,4.0,0.5328,0.0965,0.9607,0.1072,-0.6015,2,
within_therapist,therapist_imp,,AC12V1T2_with_predictions.csv,AC12V2T2_with_predictions.csv,7.0,4.0,0.513,0.0871,0.9829,0.0887,-0.852,2,
within_therapist,therapist_imp,,AC14V1T3_with_predictions.csv,AC14V2T3_with_predictions.csv,4.0,4.0,0.6597,0.0643,0.821,0.081,0.102,3,
within_therapist,therapist_imp,,AC16V1T4_with_predictions.csv,AC16V2T4_with_predictions.csv,13.0,12.0,0.6281,0.0916,0.8503,0.1119,-0.0491,4,
within_therapist,therapist_imp,,AC17V1T5_with_predictions.csv,AC17V2T5_with_predictions.csv,7.0,10.0,0.6641,0.0486,0.8174,0.0595,-0.4735,5,
three_way,three_way,,patient_imp,therapist_imp,153.0,398.0,0.5627,0.0989,0.9261,0.1128,-0.1242,,
three_way,three_way,,patient_imp,non_important,153.0,2278.0,0.5604,0.0927,0.9306,0.1037,0.1254,,
three_way,three_way,,therapist_imp,non_important,398.0,2278.0,0.6137,0.0798,0.8732,0.0922,-0.031,,
three_way,three_way,,patient_imp,therapist_imp,153.0,398.0,0.5627,0.0989,0.9261,0.1128,-0.1242,,
three_way,three_way,,patient_imp,non_important,153.0,1195.0,0.5643,0.0931,0.9263,0.1045,0.1105,,
three_way,three_way,,therapist_imp,non_important,398.0,1195.0,0.6192,0.0792,0.8669,0.0923,-0.0219,,
three_way,three_way,,patient_imp,therapist_imp,153.0,398.0,0.5627,0.0989,0.9261,0.1128,-0.1242,,
three_way,three_way,,patient_imp,non_important,153.0,1083.0,0.5561,0.092,0.9353,0.1027,0.0212,,
three_way,three_way,,therapist_imp,non_important,398.0,1083.0,0.6076,0.08,0.8802,0.0917,-0.0895,,
between_codes,patient_imp,,BCS,ECE,31.0,5.0,0.6124,0.1,0.8605,0.1468,-0.2038,,
between_codes,patient_imp,,BCS,ERT,31.0,5.0,0.5859,0.1078,0.8898,0.1568,-0.8683,,
between_codes,patient_imp,,BCS,FSU,31.0,26.0,0.5973,0.1113,0.8758,0.1493,0.0241,,
between_codes,patient_imp,,BCS,FTA,31.0,11.0,0.53,0.0981,0.9528,0.1338,-0.3933,,
between_codes,patient_imp,,BCS,HPM,31.0,13.0,0.5882,0.1118,0.8826,0.1558,0.2451,,
between_codes,patient_imp,,BCS,IAI,31.0,33.0,0.585,0.105,0.89,0.1402,-0.1607,,
between_codes,patient_imp,,BCS,IDR,31.0,6.0,0.6264,0.0994,0.8364,0.1492,0.2729,,
between_codes,patient_imp,,BCS,STK,31.0,35.0,0.5057,0.1013,0.9784,0.1195,-0.1193,,
between_codes,patient_imp,,BCS,VLD,31.0,34.0,0.5892,0.1032,0.8846,0.143,-0.0827,,
between_codes,patient_imp,,ECE,ERT,5.0,5.0,0.5873,0.0851,0.9032,0.0984,-0.5597,,
between_codes,patient_imp,,ECE,FSU,5.0,26.0,0.5921,0.1045,0.8905,0.1371,0.2201,,
between_codes,patient_imp,,ECE,FTA,5.0,11.0,0.5195,0.0739,0.9772,0.077,-0.4113,,
between_codes,patient_imp,,ECE,HPM,5.0,13.0,0.5947,0.1076,0.8823,0.1552,-0.1242,,
between_codes,patient_imp,,ECE,IAI,5.0,33.0,0.5918,0.0911,0.894,0.1063,-0.5589,,
between_codes,patient_imp,,ECE,IDR,5.0,6.0,0.651,0.0878,0.8084,0.1711,0.8539,,
between_codes,patient_imp,,ECE,STK,5.0,35.0,0.4915,0.0903,1.0041,0.0934,0.6231,,
between_codes,patient_imp,,ECE,VLD,5.0,34.0,0.5884,0.0827,0.8988,0.0975,0.4051,,
between_codes,patient_imp,,ERT,FSU,5.0,26.0,0.5821,0.1028,0.9017,0.1383,0.1239,,
between_codes,patient_imp,,ERT,FTA,5.0,11.0,0.515,0.0771,0.9816,0.08,-0.3957,,
between_codes,patient_imp,,ERT,HPM,5.0,13.0,0.5596,0.1105,0.9208,0.1596,-0.4422,,
between_codes,patient_imp,,ERT,IAI,5.0,33.0,0.5837,0.1018,0.8957,0.1581,-0.2969,,
between_codes,patient_imp,,ERT,IDR,5.0,6.0,0.5935,0.0923,0.8863,0.1183,-0.5148,,
between_codes,patient_imp,,ERT,STK,5.0,35.0,0.4717,0.0829,1.0245,0.0839,-0.9834,,
between_codes,patient_imp,,ERT,VLD,5.0,34.0,0.5646,0.094,0.922,0.1249,-0.1977,,
between_codes,patient_imp,,FSU,FTA,26.0,11.0,0.5187,0.0945,0.9695,0.1351,-0.3508,,
between_codes,patient_imp,,FSU,HPM,26.0,13.0,0.5731,0.1063,0.9068,0.1412,0.2725,,
between_codes,patient_imp,,FSU,IAI,26.0,33.0,0.574,0.0993,0.9094,0.1254,0.2672,,
between_codes,patient_imp,,FSU,IDR,26.0,6.0,0.6141,0.1028,0.8558,0.1462,-0.1308,,
between_codes,patient_imp,,FSU,STK,26.0,35.0,0.4911,0.092,1.0009,0.1046,-0.29,,
between_codes,patient_imp,,FSU,VLD,26.0,34.0,0.5762,0.0982,0.907,0.1243,-0.1638,,
between_codes,patient_imp,,FTA,HPM,11.0,13.0,0.5149,0.086,0.9755,0.102,-0.0458,,
between_codes,patient_imp,,FTA,IAI,11.0,33.0,0.5186,0.0943,0.97,0.1233,-0.1572,,
between_codes,patient_imp,,FTA,IDR,11.0,6.0,0.5484,0.0879,0.9341,0.1126,-0.4907,,
between_codes,patient_imp,,FTA,STK,11.0,35.0,0.4521,0.0744,1.0442,0.0734,-0.1562,,
between_codes,patient_imp,,FTA,VLD,11.0,34.0,0.5112,0.0789,0.9812,0.0921,-0.1404,,
between_codes,patient_imp,,HPM,IAI,13.0,33.0,0.5711,0.1093,0.9073,0.1448,-0.1759,,
between_codes,patient_imp,,HPM,IDR,13.0,6.0,0.6243,0.0972,0.844,0.1334,-0.4104,,
between_codes,patient_imp,,HPM,STK,13.0,35.0,0.4964,0.0878,0.9934,0.1007,0.3024,,
between_codes,patient_imp,,HPM,VLD,13.0,34.0,0.5791,0.1016,0.8989,0.1415,0.0681,,
between_codes,patient_imp,,IAI,IDR,33.0,6.0,0.6055,0.1026,0.8652,0.1432,0.0962,,
between_codes,patient_imp,,IAI,STK,33.0,35.0,0.4812,0.0897,1.0098,0.1006,-0.292,,
between_codes,patient_imp,,IAI,VLD,33.0,34.0,0.5714,0.0998,0.91,0.1327,-0.1658,,
between_codes,patient_imp,,IDR,STK,6.0,35.0,0.5259,0.0914,0.9558,0.113,0.6453,,
between_codes,patient_imp,,IDR,VLD,6.0,34.0,0.6136,0.0891,0.858,0.1295,-0.547,,
between_codes,patient_imp,,STK,VLD,35.0,34.0,0.496,0.0868,0.9953,0.0976,0.0017,,
between_codes,therapist_imp,,BCS,ECE,84.0,38.0,0.637,0.0844,0.8422,0.1102,-0.1911,,
between_codes,therapist_imp,,BCS,ERT,84.0,28.0,0.6362,0.0794,0.8464,0.0964,-0.0773,,
between_codes,therapist_imp,,BCS,FSU,84.0,85.0,0.6154,0.0909,0.8667,0.112,-0.0996,,
between_codes,therapist_imp,,BCS,FTA,84.0,30.0,0.619,0.0793,0.8646,0.0959,-0.3265,,
between_codes,therapist_imp,,BCS,HPM,84.0,58.0,0.6276,0.0835,0.8534,0.1057,-0.1729,,
between_codes,therapist_imp,,BCS,IAI,84.0,138.0,0.6355,0.0813,0.8443,0.1029,0.0906,,
between_codes,therapist_imp,,BCS,IDR,84.0,23.0,0.6186,0.08,0.867,0.0936,-0.0857,,
between_codes,therapist_imp,,BCS,STK,84.0,16.0,0.6104,0.0838,0.8757,0.0997,-0.1674,,
between_codes,therapist_imp,,BCS,VLD,84.0,103.0,0.6229,0.0856,0.8584,0.1061,0.1525,,
between_codes,therapist_imp,,ECE,ERT,38.0,28.0,0.6585,0.0778,0.8187,0.1024,-0.0529,,
between_codes,therapist_imp,,ECE,FSU,38.0,85.0,0.6384,0.0893,0.8397,0.1121,0.1512,,
between_codes,therapist_imp,,ECE,FTA,38.0,30.0,0.6352,0.0801,0.8451,0.1006,-0.2128,,
between_codes,therapist_imp,,ECE,HPM,38.0,58.0,0.6516,0.0852,0.8238,0.1142,0.1961,,
between_codes,therapist_imp,,ECE,IAI,38.0,138.0,0.6517,0.0795,0.8254,0.0993,-0.3262,,
between_codes,therapist_imp,,ECE,IDR,38.0,23.0,0.65,0.0831,0.8285,0.1055,-0.0287,,
between_codes,therapist_imp,,ECE,STK,38.0,16.0,0.6274,0.0811,0.8564,0.0959,-0.2149,,
between_codes,therapist_imp,,ECE,VLD,38.0,103.0,0.6392,0.0865,0.8384,0.1119,0.1815,,
between_codes,therapist_imp,,ERT,FSU,28.0,85.0,0.6544,0.0923,0.8203,0.1235,-0.1187,,
between_codes,therapist_imp,,ERT,FTA,28.0,30.0,0.6317,0.0733,0.852,0.0884,-0.1848,,
between_codes,therapist_imp,,ERT,HPM,28.0,58.0,0.6446,0.0771,0.8361,0.0939,-0.2007,,
between_codes,therapist_imp,,ERT,IAI,28.0,138.0,0.6558,0.0751,0.8218,0.0987,0.0917,,
between_codes,therapist_imp,,ERT,IDR,28.0,23.0,0.6487,0.0826,0.8313,0.1079,-0.3684,,
between_codes,therapist_imp,,ERT,STK,28.0,16.0,0.63,0.0841,0.8537,0.1056,-0.107,,
between_codes,therapist_imp,,ERT,VLD,28.0,103.0,0.6416,0.0823,0.8377,0.1059,0.0129,,
between_codes,therapist_imp,,FSU,FTA,85.0,30.0,0.6131,0.0883,0.8689,0.1108,0.1158,,
between_codes,therapist_imp,,FSU,HPM,85.0,58.0,0.6259,0.0902,0.8541,0.1108,-0.1106,,
between_codes,therapist_imp,,FSU,IAI,85.0,138.0,0.6343,0.089,0.8439,0.1124,-0.2121,,
between_codes,therapist_imp,,FSU,IDR,85.0,23.0,0.6307,0.0944,0.8492,0.1181,-0.2227,,
between_codes,therapist_imp,,FSU,STK,85.0,16.0,0.6132,0.0926,0.8703,0.1124,-0.2641,,
between_codes,therapist_imp,,FSU,VLD,85.0,103.0,0.6213,0.0937,0.8579,0.1181,-0.048,,
between_codes,therapist_imp,,FTA,HPM,30.0,58.0,0.633,0.0861,0.8454,0.1145,0.3056,,
between_codes,therapist_imp,,FTA,IAI,30.0,138.0,0.6357,0.0784,0.844,0.0994,-0.1324,,
between_codes,therapist_imp,,FTA,IDR,30.0,23.0,0.6304,0.0855,0.8511,0.1091,-0.1465,,
between_codes,therapist_imp,,FTA,STK,30.0,16.0,0.6188,0.0822,0.8658,0.0968,0.2643,,
between_codes,therapist_imp,,FTA,VLD,30.0,103.0,0.6241,0.0868,0.8557,0.1126,0.1108,,
between_codes,therapist_imp,,HPM,IAI,58.0,138.0,0.6434,0.0823,0.8341,0.1056,0.0002,,
between_codes,therapist_imp,,HPM,IDR,58.0,23.0,0.6472,0.0864,0.8297,0.1182,0.0068,,
between_codes,therapist_imp,,HPM,STK,58.0,16.0,0.6201,0.0833,0.8642,0.0979,0.2608,,
between_codes,therapist_imp,,HPM,VLD,58.0,103.0,0.6335,0.0876,0.8447,0.1118,0.0027,,
between_codes,therapist_imp,,IAI,IDR,138.0,23.0,0.634,0.0816,0.8476,0.0999,0.0548,,
between_codes,therapist_imp,,IAI,STK,138.0,16.0,0.6264,0.0826,0.8565,0.0993,-0.2585,,
between_codes,therapist_imp,,IAI,VLD,138.0,103.0,0.6407,0.0836,0.8367,0.1068,0.0332,,
between_codes,therapist_imp,,IDR,STK,23.0,16.0,0.6263,0.0871,0.8568,0.1152,0.2961,,
between_codes,therapist_imp,,IDR,VLD,23.0,103.0,0.6265,0.0881,0.8548,0.1105,-0.1817,,
between_codes,therapist_imp,,STK,VLD,16.0,103.0,0.6146,0.0891,0.8687,0.109,-0.6572,,
within_code,patient_imp,BCS,,,,,0.6067,0.1129,0.86,0.1478,-0.3369,,31.0
within_code,patient_imp,ECE,,,,,0.623,0.059,0.8656,0.0679,0.1927,,5.0
within_code,patient_imp,ERT,,,,,0.5737,0.0697,0.9198,0.0817,-1.2115,,5.0
within_code,patient_imp,FSU,,,,,0.5868,0.1035,0.8966,0.1213,-0.0698,,26.0
within_code,patient_imp,FTA,,,,,0.4745,0.0783,1.0222,0.0785,-0.4512,,11.0
within_code,patient_imp,HPM,,,,,0.5757,0.1037,0.9037,0.1258,0.2354,,13.0
within_code,patient_imp,IAI,,,,,0.5732,0.0984,0.9094,0.1214,-0.3516,,33.0
within_code,patient_imp,IDR,,,,,0.6673,0.0619,0.7925,0.0943,-0.4265,,6.0
within_code,patient_imp,STK,,,,,0.4488,0.0837,1.0467,0.0826,-0.4652,,35.0
within_code,patient_imp,VLD,,,,,0.5772,0.0881,0.9065,0.1086,-0.4127,,34.0
within_code,therapist_imp,BCS,,,,,0.6205,0.0823,0.863,0.0981,-0.2038,,84.0
within_code,therapist_imp,ECE,,,,,0.6607,0.0782,0.8153,0.0961,0.4638,,38.0
within_code,therapist_imp,ERT,,,,,0.675,0.0792,0.8,0.0998,-0.6365,,28.0
within_code,therapist_imp,FSU,,,,,0.6331,0.0987,0.8442,0.1196,-0.011,,85.0
within_code,therapist_imp,FTA,,,,,0.6262,0.0813,0.8553,0.0986,-0.3756,,30.0
within_code,therapist_imp,HPM,,,,,0.6453,0.0832,0.8324,0.1025,0.3003,,58.0
within_code,therapist_imp,IAI,,,,,0.6571,0.0741,0.8188,0.0932,-0.1128,,138.0
within_code,therapist_imp,IDR,,,,,0.6585,0.0822,0.8204,0.0994,-0.0753,,23.0
within_code,therapist_imp,STK,,,,,0.6149,0.0861,0.872,0.0992,0.0655,,16.0
within_code,therapist_imp,VLD,,,,,0.6271,0.0864,0.8528,0.1047,-0.0857,,103.0
